{
  "firestore": {
    "rules": "firestore.rules",
    "indexes": "firestore.indexes.json"
  },
  "functions": [
    {
      "source": "functions",
      "codebase": "default",
      "runtime": "nodejs18",
      "ignore": [
        "node_modules",
        ".git",
        "firebase-debug.log",
        "firebase-debug.*.log"
      ]
    }
  ],
  "hosting": [
    {
      "target": "studio",
      "public": "web/dist",
      "ignore": [
        "firebase.json",
        "**/.*",
        "**/node_modules/**"
      ],
      "rewrites": [
        {
          "source": "/api/**",
          "function": "api"
        },
        {
          "source": "**",
          "destination": "/index.html"
        }
      ],
      "headers": [
        {
          "source": "/api/**",
          "headers": [
            {
              "key": "Access-Control-Allow-Origin",
              "value": "*"
            },
            {
              "key": "Access-Control-Allow-Methods",
              "value": "GET, POST, PUT, DELETE, OPTIONS"
            },
            {
              "key": "Access-Control-Allow-Headers",
              "value": "Content-Type, Authorization"
            }
          ]
        }
      ]
    }
  ],
  "storage": {
    "rules": "storage.rules"
  },
  "emulators": {
    "auth": {
      "port": 9099
    },
    "functions": {
      "port": 5001
    },
    "firestore": {
      "port": 8080
    },
    "hosting": {
      "port": 5000
    },
    "pubsub": {
      "port": 8085
    },
    "storage": {
      "port": 9199
    },
    "ui": {
      "enabled": true,
      "port": 4000
    },
    "singleProjectMode": true
  }
}
